"","Var1","value","perc"
"1","1",13,0.224137931034483
"2","2",45,0.775862068965517
