"cells_per_clone","mean_ct_per_clone","sd_ct_per_clone"
2,1.936,0.244875404979683
3,2.826,0.381929142472619
4,3.649,0.529224979643893
5,4.385,0.665746361776178
6,5.183,0.721131770920566
7,5.796,0.838502884364203
9,7.038,0.989714875878672
10,7.614,1.04311652852981
12,8.681,1.16387009309183
